customer_id,device_id,first_seen_date,times_used
CUST_99827f26,DEV_d79dc36044,2023-03-22T10:20:09.473187,20
CUST_dd4b0bfa,DEV_9c14a6b8aa,2025-12-10T04:20:09.473219,5
CUST_dd4b0bfa,DEV_833b1fb0d3,2026-04-25T08:20:09.473231,21
CUST_45f1f1f4,DEV_0f1480a414,2025-03-17T01:20:09.473242,1
CUST_dd3ee6f4,DEV_4fa4c67479,2025-12-26T13:20:09.473250,22
CUST_dd3ee6f4,DEV_fce94c6582,2025-11-15T17:20:09.473256,3
CUST_83f0771e,DEV_f7a4379ebd,2024-09-13T04:20:09.473263,10
CUST_62dc0354,DEV_413069604e,2026-01-16T00:20:09.473270,9
CUST_62dc0354,DEV_88e7b2c021,2025-12-31T13:20:09.473276,7
CUST_4fd9bed8,DEV_0378186d4e,2025-12-17T19:20:09.473284,8
CUST_4fd9bed8,DEV_5f7ef498d2,2026-02-07T04:20:09.473299,12
CUST_4fd9bed8,DEV_b82f1cba60,2025-10-31T13:20:09.473305,23
CUST_a4eb7dd2,DEV_f5ca422b95,2026-01-31T14:20:09.473313,1
CUST_18035ae6,DEV_667340726a,2026-02-26T23:20:09.473320,2
CUST_18035ae6,DEV_1dafaaba67,2026-03-18T23:20:09.473326,16
CUST_a536006f,DEV_cb87aec860,2025-01-12T15:20:09.473333,20
CUST_a536006f,DEV_cbf12f7c2d,2024-08-30T15:20:09.473339,21
CUST_8bd755e0,DEV_94b100e902,2025-03-26T01:20:09.473346,25
CUST_84c2d354,DEV_5c1bf564fd,2025-11-14T02:20:09.473354,4
CUST_84c2d354,DEV_6a053a767c,2026-06-02T13:20:09.473359,15
CUST_321b5f58,DEV_b8257ed677,2024-08-03T23:20:09.473366,5
CUST_895e1d47,DEV_88c9fd5f45,2024-12-25T12:20:09.473374,24
CUST_19492b42,DEV_eeeb8ad6b8,2026-05-11T18:20:09.473381,18
CUST_f6b48342,DEV_5bdd2ee1ac,2025-08-12T06:20:09.473388,17
CUST_f6b48342,DEV_fc88074e67,2025-11-15T17:20:09.473394,9
CUST_5d13a432,DEV_3af57c0776,2025-04-15T13:20:09.473401,24
CUST_5d13a432,DEV_380fbe07ba,2025-09-09T19:20:09.473406,15
CUST_5d13a432,DEV_035ab83432,2026-06-05T18:20:09.473412,25
CUST_01779cd1,DEV_5e6e216b30,2024-05-30T05:20:09.473420,12
CUST_01779cd1,DEV_e7e3adfe4a,2026-02-18T10:20:09.473425,1
CUST_01779cd1,DEV_2fee0ef377,2025-02-26T05:20:09.473430,4
CUST_3d8d4184,DEV_76bb5214cc,2026-04-09T04:20:09.473440,13
CUST_1bd4c728,DEV_c923849731,2024-07-22T19:20:09.473447,22
CUST_1bd4c728,DEV_b50e2d4bbd,2025-04-30T07:20:09.473452,1
CUST_96d22655,DEV_13eae5a818,2026-07-11T03:20:09.473461,8
CUST_96d22655,DEV_b69cfd6ba3,2026-08-13T02:20:09.473466,15
CUST_f829b45d,DEV_2952cb44e4,2026-06-05T02:20:09.473474,14
CUST_f829b45d,DEV_f42fec2961,2026-07-23T18:20:09.473479,2
CUST_f829b45d,DEV_344358787b,2026-08-12T13:20:09.473485,16
CUST_7f0fcb95,DEV_84d03acea8,2026-04-23T05:20:09.473492,5
CUST_e4ccbde7,DEV_56ea22f7ce,2026-02-13T01:20:09.473500,24
CUST_b29b64a1,DEV_ce6a4db2b6,2023-08-11T09:20:09.473507,19
CUST_b29b64a1,DEV_63add82512,2025-10-09T09:20:09.473512,21
CUST_3b20b1d5,DEV_db5fa20881,2025-04-07T03:20:09.473519,14
CUST_3f443c76,DEV_295c7d5339,2026-06-11T21:20:09.473527,23
CUST_3f443c76,DEV_5cce1306d7,2026-05-19T16:20:09.473532,15
CUST_3f443c76,DEV_e802db42ec,2026-04-30T15:20:09.473537,12
CUST_c58a928c,DEV_8339d41e3f,2024-07-30T05:20:09.473544,21
CUST_a3402161,DEV_8817c8ac98,2025-07-10T14:20:09.473552,7
CUST_ac3d112e,DEV_4a6a40581c,2024-02-02T20:20:09.473559,22
CUST_ac3d112e,DEV_fb7f97e3a2,2025-06-13T02:20:09.473564,21
CUST_ac3d112e,DEV_c0d955f927,2026-07-09T21:20:09.473570,11
CUST_025d76a6,DEV_2c8135da98,2025-12-07T04:20:09.473577,7
CUST_0ab4ea8d,DEV_92ccccb199,2026-02-07T05:20:09.473585,7
CUST_6db1c13b,DEV_e91fbc7c98,2026-08-15T15:20:09.473592,11
CUST_6db1c13b,DEV_92b73d79c2,2026-08-15T18:20:09.473597,20
CUST_c7086a6b,DEV_b20395e07a,2025-10-29T18:20:09.473604,18
CUST_c6f45e60,DEV_8f295186d9,2025-08-29T19:20:09.473611,22
CUST_695e3445,DEV_7bec375705,2026-04-09T22:20:09.473619,12
CUST_695e3445,DEV_37aadde8ad,2025-12-21T04:20:09.473625,11
CUST_444fa0bd,DEV_e6f07bde6d,2025-02-24T21:20:09.473634,5
CUST_66ae02e8,DEV_01ba045511,2025-03-01T19:20:09.473641,24
CUST_66ae02e8,DEV_07ea4b59e2,2026-06-17T07:20:09.473646,15
CUST_38794c7c,DEV_7a56fb6756,2026-06-17T04:20:09.473655,4
CUST_38794c7c,DEV_14ce6e9632,2026-06-25T06:20:09.473660,8
CUST_f82fba46,DEV_8929b24d71,2026-08-09T23:20:09.473668,22
CUST_f82fba46,DEV_35d70a45d3,2026-04-10T13:20:09.473675,15
CUST_f82fba46,DEV_6342e45ad7,2026-03-10T22:20:09.473680,2
CUST_5f42cfe3,DEV_d6eda425d8,2026-01-28T09:20:09.473687,22
CUST_5f42cfe3,DEV_c3f630a881,2026-06-27T07:20:09.473692,23
CUST_5f42cfe3,DEV_519495e8ed,2026-01-06T20:20:09.473698,3
CUST_89f49bef,DEV_1e063402ea,2026-03-23T20:20:09.473705,5
CUST_6d4d4ef3,DEV_545079838b,2025-10-01T04:20:09.473712,18
CUST_f5e6de2d,DEV_aa6df5b4c5,2025-07-27T03:20:09.473719,17
CUST_f5e6de2d,DEV_e4c8b14d5d,2025-10-24T08:20:09.473724,17
CUST_2b1bcf8a,DEV_06393f29b1,2026-01-30T00:20:09.473732,4
CUST_2b1bcf8a,DEV_53616ff8dd,2025-06-07T09:20:09.473738,15
CUST_47d9d9c3,DEV_31c292e25c,2026-05-08T12:20:09.473747,15
CUST_47d9d9c3,DEV_a3eab29ea5,2026-05-11T09:20:09.473752,24
CUST_d54d0f80,DEV_1c36191702,2024-03-30T12:20:09.473759,22
CUST_d55a8b16,DEV_49d9edc498,2026-06-04T01:20:09.473766,16
CUST_f5d487c7,DEV_cbb349b400,2026-07-31T20:20:09.473773,14
CUST_81ac59b6,DEV_3eb7576a03,2025-08-08T11:20:09.473780,5
CUST_957f86ba,DEV_7afcbae41e,2025-10-25T05:20:09.473788,18
CUST_957f86ba,DEV_2f39a84bfd,2026-03-06T01:20:09.473793,4
CUST_83ebd13e,DEV_f3c9cf071e,2026-03-04T09:20:09.473800,24
CUST_04576277,DEV_ab4ea9dee0,2025-10-31T03:20:09.473808,10
CUST_24d98bde,DEV_20fb02be60,2026-06-09T06:20:09.473815,7
CUST_79db6d9c,DEV_4e6dd0f870,2025-12-18T15:20:09.473822,4
CUST_44a95f4a,DEV_180bca7bb4,2025-11-10T11:20:09.473829,4
CUST_7712622b,DEV_6d725e744a,2026-01-02T09:20:09.473836,18
CUST_7712622b,DEV_501ae0dff7,2026-07-26T03:20:09.473842,22
CUST_7b116665,DEV_e6888b4641,2025-02-20T22:20:09.473849,6
CUST_7b116665,DEV_822f19a90c,2025-02-08T00:20:09.473855,25
CUST_fe924987,DEV_f0b96a0861,2026-05-27T11:20:09.473862,1
CUST_e9fe081e,DEV_f4648a3d5c,2026-03-28T04:20:09.473871,22
CUST_37b40dea,DEV_f36833e147,2026-08-02T23:20:09.473878,21
CUST_4dd0950b,DEV_c9bf33fc88,2026-05-19T23:20:09.473885,17
CUST_4dd0950b,DEV_00c8eb7914,2026-01-13T10:20:09.473898,14
CUST_4dd0950b,DEV_a743396135,2025-05-14T12:20:09.473904,6
CUST_bbae998e,DEV_60ff7fea38,2024-08-13T12:20:09.473911,25
CUST_7d81d0be,DEV_47153572e2,2025-10-20T20:20:09.473918,2
CUST_7d81d0be,DEV_4ae611f142,2026-06-03T17:20:09.473923,25
CUST_7d81d0be,DEV_fe69d95b9b,2025-10-09T21:20:09.473928,22
CUST_a142bbae,DEV_e52d6d262c,2024-02-26T01:20:09.473936,14
CUST_49e47734,DEV_c1b06168b1,2026-06-26T09:20:09.473942,9
CUST_9bbdd356,DEV_70d09b0282,2023-10-07T19:20:09.473950,12
CUST_b7e27049,DEV_0d1ccccfb6,2026-03-29T01:20:09.473957,22
CUST_9ddbef52,DEV_db14a2ed6a,2025-02-28T01:20:09.473964,10
CUST_9ddbef52,DEV_71028e0f18,2026-07-06T15:20:09.473970,13
CUST_1e5852ba,DEV_a3b9f99a1a,2026-05-01T22:20:09.473977,7
CUST_1e5852ba,DEV_328ac24e2e,2024-12-12T16:20:09.473986,25
CUST_1e5852ba,DEV_9198af0472,2025-11-13T14:20:09.473992,10
CUST_c4984d84,DEV_d4867f2231,2026-08-14T07:20:09.473999,24
CUST_ce131444,DEV_b7b3619125,2026-04-11T10:20:09.474006,18
CUST_58fa3257,DEV_a6ba03d4bc,2025-03-27T05:20:09.474013,22
CUST_58fa3257,DEV_08e895ae9b,2025-08-24T20:20:09.474019,13
CUST_dd1e9c52,DEV_76c1e47a9a,2026-07-09T09:20:09.474026,1
CUST_dd1e9c52,DEV_216e2054b2,2025-05-08T20:20:09.474031,11
CUST_531c85d6,DEV_88ec2dfed5,2025-01-11T10:20:09.474038,23
CUST_531c85d6,DEV_6537a696f7,2024-11-04T09:20:09.474044,10
CUST_19a9dddb,DEV_ab0c1aebc1,2026-08-16T12:20:09.474051,6
CUST_13304995,DEV_64f022c720,2025-12-29T00:20:09.474058,12
CUST_13304995,DEV_a23850f7aa,2026-07-07T09:20:09.474064,4
CUST_cf1898cb,DEV_7747fb996a,2024-12-26T10:20:09.474071,17
CUST_2034a0ac,DEV_ca2fa54a5b,2024-11-23T23:20:09.474078,11
CUST_94e27f81,DEV_aede9878ac,2025-09-11T20:20:09.474087,17
CUST_b16d0f71,DEV_28d93dd5be,2025-11-23T06:20:09.474093,7
CUST_b16d0f71,DEV_e94ea542d6,2026-02-24T11:20:09.474099,24
CUST_3e54ac3e,DEV_f9562e9cde,2026-03-23T15:20:09.474107,4
CUST_3e54ac3e,DEV_4ca6325e38,2026-03-25T14:20:09.474114,7
CUST_3e54ac3e,DEV_adab21140d,2026-02-25T03:20:09.474119,5
CUST_14c7fb9e,DEV_bcffc0b437,2025-09-20T20:20:09.474127,6
CUST_14c7fb9e,DEV_24a0359c93,2025-07-22T02:20:09.474132,16
CUST_6ec5a772,DEV_4e166eaf44,2025-05-19T01:20:09.474139,19
CUST_e0f3d9be,DEV_9fd1fa1cad,2023-02-19T12:20:09.474146,21
CUST_e0f3d9be,DEV_63333438da,2024-11-12T18:20:09.474152,15
CUST_3cd81827,DEV_f178a4c1c3,2026-08-14T02:20:09.474159,10
CUST_3e9deed6,DEV_478decb014,2025-10-23T21:20:09.474166,12
CUST_3e9deed6,DEV_48227a1968,2025-12-05T20:20:09.474171,10
CUST_ccb7d289,DEV_7156c8174c,2026-06-05T21:20:09.474178,12
CUST_72a07e02,DEV_9d1a7c42cf,2026-03-17T02:20:09.474185,3
CUST_72a07e02,DEV_d63c1f716f,2023-10-18T10:20:09.474191,15
CUST_8ad835d5,DEV_f03bc8b444,2026-05-29T08:20:09.474199,19
CUST_8ad835d5,DEV_0b1173d7d5,2025-08-01T12:20:09.474204,20
CUST_c35c30ee,DEV_f82aafa50d,2026-03-20T21:20:09.474211,15
CUST_00c7efa0,DEV_579b4e521c,2025-06-19T12:20:09.474218,23
CUST_b3061817,DEV_7f4e16132e,2025-09-02T21:20:09.474225,8
CUST_cfcc6b78,DEV_cb0d4c7a47,2026-01-09T06:20:09.474232,17
CUST_cfcc6b78,DEV_63e4a926bc,2025-10-13T17:20:09.474238,12
CUST_f211b932,DEV_f542ae859a,2026-08-03T10:20:09.474245,14
CUST_e49c5e9a,DEV_7ca5a13cf4,2023-04-15T21:20:09.474252,21
CUST_e49c5e9a,DEV_031b495f94,2023-01-04T12:20:09.474257,3
CUST_8ba06164,DEV_a7791db07b,2025-11-09T01:20:09.474264,13
CUST_af017a86,DEV_1b34ebcb66,2026-06-05T18:20:09.474271,11
CUST_8e7b370f,DEV_2a35075324,2024-10-11T18:20:09.474278,12
CUST_910172b7,DEV_0bc1c385c6,2026-07-11T00:20:09.474285,22
CUST_b9344099,DEV_8e4fbb9b98,2026-05-27T13:20:09.474292,18
CUST_a0172599,DEV_3ac2f0abb9,2024-10-18T18:20:09.474300,22
CUST_119d34f7,DEV_fbec118ddd,2026-07-05T01:20:09.474307,17
CUST_119d34f7,DEV_718ced67c2,2026-08-16T02:20:09.474313,22
CUST_275de846,DEV_17e92df426,2024-08-10T22:20:09.474320,12
CUST_2dfc6e10,DEV_e6cc1fa24a,2026-06-28T12:20:09.474329,25
CUST_3b73e26c,DEV_f49104c52c,2026-01-02T18:20:09.474337,5
CUST_b1d96a95,DEV_d60ac53103,2026-05-10T06:20:09.474344,25
CUST_1d2d65d4,DEV_807182c41a,2026-06-15T21:20:09.474351,22
CUST_a4e5ed0b,DEV_f1d66b16ce,2024-11-27T18:20:09.474358,20
CUST_56abcc99,DEV_13fad4b572,2025-09-23T17:20:09.474366,23
CUST_b2175e29,DEV_02e9c0ed2a,2025-09-15T23:20:09.474373,15
CUST_b2175e29,DEV_360cd43fd1,2026-05-24T09:20:09.474379,12
CUST_8c0a9861,DEV_639e0f5d54,2025-04-22T08:20:09.474386,20
CUST_8c0a9861,DEV_3257a48e3a,2025-01-14T23:20:09.474391,15
CUST_7d73b495,DEV_6ea11be55c,2025-04-19T13:20:09.474398,16
CUST_78d4328a,DEV_9f241e303e,2026-02-04T11:20:09.474406,22
CUST_78d4328a,DEV_6de37bd1a6,2025-01-14T08:20:09.474412,15
CUST_78d4328a,DEV_523eee7103,2024-06-25T13:20:09.474417,25
CUST_919385be,DEV_c794f829fa,2025-02-27T09:20:09.474424,6
CUST_81cce436,DEV_4fa0f293ef,2024-05-23T03:20:09.474431,5
CUST_81cce436,DEV_b7bc652e40,2024-03-11T14:20:09.474437,2
CUST_be71ad45,DEV_febc6a54be,2026-02-12T05:20:09.474444,4
CUST_be71ad45,DEV_730d404daa,2025-11-30T19:20:09.474450,10
CUST_26ae0bca,DEV_6d8c7d2c74,2026-07-11T14:20:09.474458,15
CUST_4cffa4cc,DEV_90575cca33,2026-06-07T09:20:09.474464,3
CUST_4cffa4cc,DEV_5f41c6d361,2026-04-30T08:20:09.474470,12
CUST_4cffa4cc,DEV_e31f61f3b0,2026-08-08T09:20:09.474476,2
CUST_195acab7,DEV_d3dd1ce9ab,2026-07-05T15:20:09.474482,13
CUST_1f03ba2d,DEV_cf29ff3bbd,2025-08-03T15:20:09.474489,1
CUST_1f03ba2d,DEV_eceebe5230,2025-09-29T19:20:09.474495,23
CUST_1f03ba2d,DEV_657718f93a,2024-10-25T12:20:09.474500,5
CUST_ccdf1395,DEV_2f1beb0673,2025-01-11T07:20:09.474508,23
CUST_0fe2d824,DEV_1bca87e448,2025-07-29T00:20:09.474516,16
CUST_0fe2d824,DEV_22e2dd82ba,2026-01-04T03:20:09.474521,1
CUST_57e050e3,DEV_d87a4c44fa,2026-08-02T14:20:09.474528,7
CUST_57e050e3,DEV_7c2d8496a3,2024-04-18T18:20:09.474534,18
CUST_57e050e3,DEV_92f2a3e2dd,2024-08-07T03:20:09.474540,17
CUST_41371592,DEV_c824869507,2026-05-14T13:20:09.474548,8
CUST_b8d5866f,DEV_fdebcbb23f,2026-07-28T15:20:09.474555,14
CUST_d9e6ef5f,DEV_0a85178ae5,2024-11-22T08:20:09.474562,3
CUST_d9e6ef5f,DEV_346f0655a2,2026-04-30T07:20:09.474567,20
CUST_ace9d540,DEV_82fa1b557b,2023-10-01T04:20:09.474574,8
CUST_e9c50930,DEV_f6d9746e48,2025-10-27T09:20:09.474581,1
CUST_e9c50930,DEV_9d355c0d8a,2024-11-30T11:20:09.474587,8
CUST_0de4fccc,DEV_47be225202,2025-08-03T01:20:09.474594,22
CUST_0de4fccc,DEV_7cdf061d73,2026-02-27T06:20:09.474599,12
CUST_38c59603,DEV_03c64afc91,2025-03-01T05:20:09.474607,17
CUST_771324c8,DEV_5e9c5ed03d,2025-03-20T05:20:09.474613,1
CUST_771324c8,DEV_0cb095f347,2025-07-18T07:20:09.474619,2
CUST_09f6fd6e,DEV_e703fb9b8d,2026-02-11T14:20:09.474626,24
CUST_09f6fd6e,DEV_8b361e2977,2026-08-13T11:20:09.474631,3
CUST_7abbed75,DEV_bd2fece04b,2022-12-15T02:20:09.474639,4
CUST_2c7fb1b1,DEV_7be34488d0,2025-09-15T18:20:09.474646,2
CUST_2c7fb1b1,DEV_9a4971e03f,2025-08-26T05:20:09.474651,11
CUST_9f4c5531,DEV_ecadfdb095,2026-05-24T01:20:09.474659,15
CUST_9f4c5531,DEV_b6a9db82b8,2025-08-30T07:20:09.474665,21
CUST_8c907c10,DEV_a7a473a568,2025-11-18T20:20:09.474673,23
CUST_cb11438f,DEV_c394bb6102,2025-05-10T21:20:09.474680,10
CUST_cb11438f,DEV_060ed38287,2026-01-27T21:20:09.474685,7
CUST_d545b012,DEV_30df52abcc,2025-10-02T13:20:09.474692,17
CUST_d545b012,DEV_20d0bd5bd8,2025-07-10T05:20:09.474698,16
CUST_a30c2ac8,DEV_37246775aa,2026-07-04T02:20:09.474705,7
CUST_175320cb,DEV_0aa3e7f213,2024-03-22T21:20:09.474713,21
CUST_cdddff9e,DEV_12fb5793f5,2026-04-16T11:20:09.474720,14
CUST_49a9b47d,DEV_80eb102780,2024-03-04T10:20:09.474729,11
CUST_49a9b47d,DEV_8a1689775b,2025-08-04T07:20:09.474735,23
CUST_ffb25ec7,DEV_ab94a49b59,2026-05-11T06:20:09.474742,9
CUST_fd638bd6,DEV_6aa93ad4a4,2024-08-07T09:20:09.474750,3
CUST_fd638bd6,DEV_14cb4f38ac,2025-06-07T03:20:09.474757,6
CUST_822f3058,DEV_927f33e9e6,2025-09-27T19:20:09.474765,3
CUST_6ec9e8a8,DEV_e83ee4d4f2,2026-08-03T13:20:09.474772,15
CUST_9812b5c6,DEV_54a1cd261d,2026-01-15T17:20:09.474779,23
CUST_9812b5c6,DEV_1441eae460,2026-01-06T11:20:09.474784,15
CUST_62606ba3,DEV_be60dbb995,2025-06-02T11:20:09.474791,20
CUST_930a5bcb,DEV_2081a076cb,2026-04-03T02:20:09.474798,2
CUST_930a5bcb,DEV_3475d6035a,2026-07-14T01:20:09.474804,21
CUST_930a5bcb,DEV_221c935b9c,2026-01-26T11:20:09.474809,17
CUST_4b52509e,DEV_fd8c6ac760,2024-09-25T17:20:09.474817,1
CUST_4b52509e,DEV_7c0907f480,2026-03-28T03:20:09.474822,22
CUST_bf4fbdef,DEV_ce71b54735,2026-06-11T18:20:09.474829,3
CUST_bf4fbdef,DEV_c8525dcb8e,2025-04-25T02:20:09.474834,12
CUST_d75309ee,DEV_1a4e68bad2,2025-01-18T21:20:09.474842,20
CUST_2b6dde88,DEV_c8e8549cc7,2024-02-12T11:20:09.474849,12
CUST_7bf453b6,DEV_90da2b2bc8,2026-03-17T04:20:09.474855,5
CUST_d0e19683,DEV_bbd9807fc7,2026-05-12T12:20:09.474862,21
CUST_222c2cad,DEV_b11d734d40,2026-01-01T22:20:09.474870,24
CUST_3a5741bf,DEV_20dfcbe58c,2023-09-26T10:20:09.474877,18
CUST_1eefa679,DEV_dc64a53be3,2026-07-28T14:20:09.474883,23
CUST_708a7067,DEV_973cc02dcc,2024-12-03T13:20:09.474890,23
CUST_6c079786,DEV_3dd3cca534,2023-11-20T16:20:09.474897,4
CUST_6c079786,DEV_80cb122cf6,2025-11-17T20:20:09.474903,15
CUST_6c079786,DEV_e3735f6b71,2025-09-02T00:20:09.474908,15
CUST_33a339da,DEV_69b81d6427,2024-11-05T01:20:09.474916,12
CUST_33a339da,DEV_64297ef590,2026-04-11T05:20:09.474921,18
CUST_33a339da,DEV_069a33c6a5,2025-01-04T13:20:09.474928,6
CUST_d19e7d65,DEV_13c03116f8,2024-01-15T00:20:09.474936,21
CUST_d19e7d65,DEV_834439bd06,2026-02-24T11:20:09.474942,17
CUST_d44b5d07,DEV_91bb87feb2,2026-01-28T18:20:09.474949,8
CUST_fce49771,DEV_646fc2cc16,2026-07-26T11:20:09.474956,18
CUST_fce49771,DEV_0fc08e540f,2025-01-12T11:20:09.474962,15
CUST_c8cd5a48,DEV_0a0f53ffc1,2025-02-03T18:20:09.474969,20
CUST_c8cd5a48,DEV_6a93c12b4c,2026-05-25T20:20:09.474975,10
CUST_14ad4e0a,DEV_43544cfd48,2024-08-16T23:20:09.474982,16
CUST_a6f73bba,DEV_33695e4ec8,2025-06-28T04:20:09.474989,3
CUST_3d2f8d82,DEV_abf8a29072,2024-11-10T02:20:09.474996,3
CUST_376dca8e,DEV_d4cb96a3d2,2022-10-29T06:20:09.475003,12
CUST_f6368ade,DEV_39d9955f26,2023-07-19T02:20:09.475011,19
CUST_03946af1,DEV_7e64c58d34,2026-08-13T09:20:09.475018,17
CUST_b7626d84,DEV_321605044e,2026-04-30T19:20:09.475025,17
CUST_b7626d84,DEV_e823f0dbca,2025-10-12T13:20:09.475031,6
CUST_b7626d84,DEV_ea60ef88b6,2025-09-24T12:20:09.475036,23
CUST_69f18b94,DEV_965752b42b,2024-01-01T06:20:09.475044,10
CUST_fcf48edd,DEV_7efbdfd2a5,2025-03-26T16:20:09.475051,21
CUST_fcf48edd,DEV_a2fef27254,2025-02-05T18:20:09.475057,21
CUST_f8b48fb2,DEV_523d909c61,2025-02-21T20:20:09.475064,17
CUST_0481e564,DEV_b3d0b6943c,2024-12-23T04:20:09.475071,5
CUST_0481e564,DEV_8ef54222df,2026-02-27T01:20:09.475076,20
CUST_5fad1edb,DEV_1540df9fe7,2025-10-16T12:20:09.475087,19
CUST_5fad1edb,DEV_f30d6bcf36,2026-07-31T22:20:09.475093,3
CUST_eeae5c6e,DEV_beedcca7ca,2023-01-16T04:20:09.475100,9
CUST_446a1840,DEV_40441645ab,2026-02-06T04:20:09.475107,14
CUST_446a1840,DEV_a04269f6d1,2026-03-16T02:20:09.475112,1
CUST_ded52395,DEV_d9871d2b73,2024-11-17T05:20:09.475120,10
CUST_75016791,DEV_02d71507f0,2025-10-16T07:20:09.475127,8
CUST_75016791,DEV_fd87a8fe0f,2025-07-02T13:20:09.475132,15
CUST_70fdacf0,DEV_5f5c7d4042,2026-06-21T17:20:09.475140,15
CUST_d42e79ca,DEV_4c1af08e74,2026-04-25T16:20:09.475146,11
CUST_f439f8c5,DEV_032a516bd0,2025-10-05T00:20:09.475155,11
CUST_f439f8c5,DEV_c6ed670295,2024-07-31T11:20:09.475160,13
CUST_7d327916,DEV_9383a8ae13,2026-07-05T06:20:09.475167,18
CUST_f9b289e7,DEV_72fbf77108,2026-06-21T08:20:09.475174,4
CUST_4fe856bb,DEV_59fb9a3767,2026-04-17T18:20:09.475183,4
CUST_37af15c4,DEV_aa17277897,2026-05-15T03:20:09.475190,14
CUST_91218cbc,DEV_73bf3bad59,2025-09-28T12:20:09.475197,19
CUST_8844c73e,DEV_ef9d0fff22,2025-07-29T17:20:09.475205,16
CUST_8844c73e,DEV_3129775377,2023-10-02T08:20:09.475211,16
CUST_f611163b,DEV_b0263664a9,2023-11-07T22:20:09.475217,3
CUST_f611163b,DEV_0a2d611267,2024-06-07T06:20:09.475223,15
CUST_4ead0ab3,DEV_2b0f8d724c,2025-06-07T04:20:09.475230,12
CUST_4ead0ab3,DEV_58ec352bc7,2026-05-14T21:20:09.475236,10
CUST_4ead0ab3,DEV_231e259b56,2023-11-12T03:20:09.475241,21
CUST_27f7802f,DEV_b82bf14893,2025-01-13T05:20:09.475248,1
CUST_27f7802f,DEV_751f08602c,2026-01-13T09:20:09.475254,5
CUST_9cd34ef9,DEV_c1c15a85ac,2025-08-14T11:20:09.475261,25
CUST_9cd34ef9,DEV_62835ecb4b,2026-01-27T11:20:09.475267,2
CUST_0a1eea3d,DEV_e879790bfb,2026-08-17T05:20:09.475274,7
CUST_6616028e,DEV_5e1f58573f,2025-10-30T20:20:09.475280,13
CUST_d08a1dc5,DEV_bf7e7965ff,2023-07-22T14:20:09.475288,20
CUST_9d92fd20,DEV_15d26edd9c,2026-04-22T18:20:09.475295,4
CUST_9d92fd20,DEV_5574a4d838,2025-07-14T11:20:09.475301,11
CUST_6f8289dd,DEV_56e41b4bb8,2025-08-12T18:20:09.475307,7
CUST_6f8289dd,DEV_d98b571869,2024-12-13T06:20:09.475313,13
CUST_135480a0,DEV_20a5b25479,2026-07-06T21:20:09.475320,5
CUST_a6883670,DEV_2423a08467,2025-12-22T06:20:09.475327,15
CUST_a6883670,DEV_05ac21327a,2026-06-06T03:20:09.475332,17
CUST_3949ecaa,DEV_7b1667286b,2024-12-02T12:20:09.475340,6
CUST_ab8f196f,DEV_81d4541dbd,2025-10-19T04:20:09.475347,11
CUST_b763b098,DEV_3e8a37e079,2026-04-13T05:20:09.475356,16
CUST_26a03304,DEV_5714c5c369,2024-12-16T07:20:09.475363,1
CUST_26a03304,DEV_16e5b9f1da,2024-07-28T12:20:09.475371,22
CUST_a7c55407,DEV_5f9014dfd4,2024-04-20T04:20:09.475378,10
CUST_8b3720fd,DEV_fff0e0a05e,2023-02-10T22:20:09.475385,20
CUST_8b3720fd,DEV_959c96147a,2023-12-24T14:20:09.475390,21
CUST_c6e42dfe,DEV_a019c904b1,2025-10-29T04:20:09.475399,8
CUST_c6e42dfe,DEV_3a0d52bb44,2026-07-26T04:20:09.475405,16
CUST_2fcf6210,DEV_a26e3584cf,2025-10-02T23:20:09.475412,20
CUST_722eaf63,DEV_3d35b0f90e,2026-05-16T18:20:09.475419,22
CUST_722eaf63,DEV_ba5d293d18,2026-06-20T21:20:09.475425,19
CUST_7601506a,DEV_e742686262,2026-05-01T16:20:09.475432,1
CUST_7601506a,DEV_3f367050a4,2025-05-27T12:20:09.475437,14
CUST_7601506a,DEV_bd87e3ac5d,2026-03-19T09:20:09.475442,23
CUST_86dda004,DEV_a0653b124c,2025-03-26T03:20:09.475449,16
CUST_79db7638,DEV_3bf9310b84,2026-04-16T00:20:09.475457,5
CUST_79db7638,DEV_b7722e36a4,2023-09-24T16:20:09.475462,18
CUST_5c545293,DEV_37426877ac,2025-04-19T06:20:09.475469,13
CUST_28995372,DEV_c20c1f1068,2025-09-01T08:20:09.475476,18
CUST_050f7dc7,DEV_875f32a479,2026-07-07T01:20:09.475483,25
CUST_a3f38594,DEV_e5dd7b20fe,2025-02-26T03:20:09.475491,16
CUST_a3f38594,DEV_351eea1107,2025-07-24T15:20:09.475496,9
CUST_094a384b,DEV_41627da6e4,2026-01-03T13:20:09.475503,25
CUST_094a384b,DEV_52bf0ca074,2025-10-30T00:20:09.475509,7
CUST_891c4f07,DEV_b0ab8747da,2023-11-24T12:20:09.475516,16
CUST_891c4f07,DEV_c02c211cb8,2024-09-06T05:20:09.475522,24
CUST_825ab990,DEV_cab75221b1,2025-12-15T04:20:09.475529,22
CUST_9754688c,DEV_2830909302,2024-06-04T11:20:09.475536,25
CUST_98a53dc9,DEV_a2f7c24aa3,2025-10-28T21:20:09.475543,10
CUST_98a53dc9,DEV_2afb6732a8,2024-08-20T20:20:09.475548,12
CUST_01e6aefb,DEV_8d72c5efbf,2022-12-17T14:20:09.475555,24
CUST_01e6aefb,DEV_698bd0f77a,2023-12-14T16:20:09.475560,7
CUST_01e6aefb,DEV_540803e0eb,2023-08-14T14:20:09.475565,18
CUST_f50af3e6,DEV_9f00fa469a,2026-04-03T19:20:09.475572,20
CUST_f50af3e6,DEV_5349baa59c,2024-07-24T04:20:09.475580,8
CUST_b5cd5089,DEV_82fb5a99f5,2023-08-30T15:20:09.475587,21
CUST_cad4dc6e,DEV_d7aa4e1162,2026-07-27T09:20:09.475594,11
CUST_39f35ae0,DEV_7a8c17b92b,2026-01-28T01:20:09.475601,25
CUST_39f35ae0,DEV_cf9cc99bdc,2025-11-13T22:20:09.475609,18
CUST_5520036e,DEV_a4053ca0a6,2025-10-02T09:20:09.475616,21
CUST_5520036e,DEV_617daf7e2a,2023-12-21T07:20:09.475622,21
CUST_5520036e,DEV_d8ddffd517,2025-07-09T13:20:09.475627,11
CUST_d2933032,DEV_8448cbf434,2026-07-22T20:20:09.475635,21
CUST_db8aa75d,DEV_cc7c570675,2025-02-19T23:20:09.475641,24
CUST_db8aa75d,DEV_98829b5d8a,2026-07-14T17:20:09.475647,14
CUST_f6df2bd6,DEV_ff302acc98,2026-02-22T21:20:09.475654,13
CUST_f6df2bd6,DEV_8ac0af76d2,2024-06-06T07:20:09.475659,6
CUST_9f6ac250,DEV_a4137c3b2a,2025-01-06T21:20:09.475667,1
CUST_9f6ac250,DEV_122c1ca87c,2024-12-18T04:20:09.475672,20
CUST_9f6ac250,DEV_85a2785071,2026-01-14T12:20:09.475677,10
CUST_94e05d72,DEV_424590c035,2025-02-11T06:20:09.475684,16
CUST_4f127881,DEV_e3201ce9fe,2025-11-20T06:20:09.475693,15
CUST_4f127881,DEV_a7841f69b1,2025-02-09T16:20:09.475698,4
CUST_5deb2861,DEV_8b454e39e1,2026-06-24T02:20:09.475706,9
CUST_168d81f5,DEV_d0f5773464,2026-08-17T23:20:09.475713,11
CUST_168d81f5,DEV_ee23fa3a42,2026-01-31T13:20:09.475718,19
CUST_6bdbeda1,DEV_6bccbeb2ae,2025-07-22T17:20:09.475725,20
CUST_6bdbeda1,DEV_21a763d903,2024-05-13T09:20:09.475731,17
CUST_bfbc401e,DEV_d153b9bf83,2025-07-07T01:20:09.475738,4
CUST_e352de16,DEV_f05ce15eb0,2026-03-31T07:20:09.475745,11
CUST_2b29842c,DEV_b9e4b5b534,2026-08-08T14:20:09.475752,13
CUST_2b29842c,DEV_3c1bbe7218,2025-04-26T08:20:09.475758,25
CUST_2b29842c,DEV_125da29c51,2025-02-21T12:20:09.475763,10
CUST_8f45a81d,DEV_79647d9aed,2023-06-05T22:20:09.475770,9
CUST_8f45a81d,DEV_d87947c3e6,2022-12-22T11:20:09.475776,23
CUST_3bcdf817,DEV_89fa759724,2025-12-22T08:20:09.475784,10
CUST_a27b6d7d,DEV_cd7ee65c8c,2023-10-27T00:20:09.475791,25
CUST_f014d6b3,DEV_54b0d2c2c6,2026-06-22T02:20:09.475799,10
CUST_2d795b3f,DEV_5ee180c131,2025-05-26T15:20:09.475806,5
CUST_00ddbee4,DEV_43842242f5,2025-12-31T23:20:09.475813,20
CUST_b7f9eab3,DEV_d10e014745,2025-02-05T07:20:09.475821,25
CUST_f6dabc5d,DEV_849aaa4f75,2024-10-10T16:20:09.475828,25
CUST_9aad7bf7,DEV_ee95d88e0a,2026-03-07T06:20:09.475835,15
